title;parent
Смартфоны;Телефоны и смарт-часы
Аксессуары для смартфонов и телефонов;Телефоны и смарт-часы
Смарт-часы;Телефоны и смарт-часы
Фитнес-браслеты;Телефоны и смарт-часы
Ремешки для смарт-часов и фитнес-браслетов;Телефоны и смарт-часы
Аксессуары для смарт-часов и фитнес-браслетов;Телефоны и смарт-часы
Ноутбуки;Ноутбуки, планшеты и электронные книги
Игровые ноутбуки;Ноутбуки, планшеты и электронные книги
Планшеты;Ноутбуки, планшеты и электронные книги
Электронные книги;Ноутбуки, планшеты и электронные книги
Графические планшеты;Ноутбуки, планшеты и электронные книги
Чехлы и подставки для планшетов;Ноутбуки, планшеты и электронные книги
Телескопы;Оптические приборы
Микроскопы;Оптические приборы
Аксессуары для телескопов;Оптические приборы
Аксессуары для микроскопов;Оптические приборы
Наушники и аудиотехника;Оптические приборы
Наушники;Оптические приборы
Беспроводные колонки;Оптические приборы
Умные колонки;Оптические приборы
Акустические системы;Оптические приборы
Студийное и сценическое оборудование;Оптические приборы
Микрофоны;Оптические приборы
Видеокарты и графические ускорители;Комплектующие для ПК
Жесткие диски, SSD и сетевые накопители;Комплектующие для ПК
Процессоры;Комплектующие для ПК
Материнские платы;Комплектующие для ПК
Оперативная память;Комплектующие для ПК
Системы охлаждения;Комплектующие для ПК
Мониторы;Компьютеры и периферия
Системные блоки;Компьютеры и периферия
Моноблоки;Компьютеры и периферия
Периферия;Компьютеры и периферия
Сетевое оборудование;Компьютеры и периферия
Неттопы и Мини ПК;Компьютеры и периферия
Экшн-камеры;Фото и видеокамеры
Аксессуары для экшн-камер;Фото и видеокамеры
Видеокамеры;Фото и видеокамеры
Зеркальные фотоаппараты;Фото и видеокамеры
Беззеркальные фотоаппараты;Фото и видеокамеры
Объективы;Фото и видеокамеры
Игровые приставки;Игровые приставки и ноутбуки
Игровые ноутбуки;Игровые приставки и ноутбуки
Ноутбуки;Офисная техника
Системные блоки;Офисная техника
Мониторы;Офисная техника
МФУ;Офисная техника
Принтеры;Офисная техника
Картриджи и расходные материалы;Офисная техника
Квадрокоптеры;Квадрокоптеры и аксессуары
Запчасти и аксессуары;Квадрокоптеры и аксессуары
Аккумуляторы;Квадрокоптеры и аксессуары
Чехлы;Квадрокоптеры и аксессуары
Оптические фильтры;Квадрокоптеры и аксессуары
GPS-трекеры и GPS-маяки;Навигаторы
Туристические навигаторы;Навигаторы
Автомобильные навигаторы;Навигаторы
Аксессуары и запчасти;Навигаторы
Аксессуары;Умный дом
Выключатели и реле;Умный дом
Датчики и регуляторы;Умный дом
Комплекты умного дома;Умный дом
Освещение;Умный дом
Розетки;Умный дом
Телевизоры;Телевизоры и видеотехника
ТВ-приставки и медиаплееры;Телевизоры и видеотехника
Кронштейны и крепления;Телевизоры и видеотехника
Цифровое и спутниковое ТВ;Телевизоры и видеотехника
Онлайн-кинотеатры;Телевизоры и видеотехника
Пульты ДУ;Телевизоры и видеотехника
Электронные будильники;Часы и электронные будильники
Радиобудильники;Часы и электронные будильники
Аромабудильники и картриджи;Часы и электронные будильники
Камеры видеонаблюдения;Охранные системы и видеонаблюдение
Системы видеонаблюдения;Охранные системы и видеонаблюдение
Автоматика для ворот;Охранные системы и видеонаблюдение
Домофоны;Охранные системы и видеонаблюдение
Охранное оборудование для дома и дачи;Охранные системы и видеонаблюдение
Охранные системы для бизнеса;Охранные системы и видеонаблюдение
Кабели и переходники;Аксессуары для электроники
Внешние аккумуляторы;Аксессуары для электроники
Батарейки;Аксессуары для электроники
Аккумуляторные батарейки;Аксессуары для электроники
Зарядные устройства для аккумуляторов и тестеры батареек;Аксессуары для электроники
Сетевые зарядные устройства;Аксессуары для электроники
